{"cameraMode":{"drawMode":0,"name":"Shaded","section":"Shading Mode"},"sceneLighting":false,"audioPlay":false,"sceneViewState":{"showFog":false,"showMaterialUpdate":false,"showSkybox":false,"showFlares":false,"showImageEffects":false,"showParticleSystems":true},"in2DMode":false,"pivot":{"x":-0.18800002336502076,"y":1.7100000381469727,"z":0.0},"rotation":{"x":-0.18641100823879243,"y":-0.05538139492273331,"z":0.010525301098823548,"w":-0.980855405330658},"size":0.9600521326065064,"orthographic":false}